Name,Lab Role,Period,Current Position / Institution,LinkedIn / Profile
"Prakash Lama","Senior Research Fellow (SRF)","2018–2022","Postdoctoral Fellow",""
"Dr. Sarika Sasi","Postdoctoral Fellow","2019–2023","Scientist",""
"Dr. Shubam Kesarwani","Graduate Student (PhD)","2016–2022","Postdoctoral Researcher",""
"Dr. Archana Kumari","Postdoctoral Fellow","2017–2021","Faculty / Researcher",""
"Lakshmi Krupa Srinivasan","Senior Research Fellow (SRF)","2018–2022","Graduate Student",""
"Dr. Ipsa Jain","Postdoctoral Fellow","2016–2018","Science Communicator & Author",""
"Dr. Mamata Bangera","Postdoctoral Fellow","2017–2020","Research Scientist",""
"Dr. Venkat Rao","Postdoctoral Fellow","2016–2019","Scientist",""
"Archita Dungdung","Junior Research Fellow (JRF)","2018–2020","Research Scholar",""
"Mutamil Selvan","Master Thesis Student","2017–2018","Doctoral Researcher",""
"Sujana Prabhu","Junior Research Fellow (JRF)","2016–2018","Graduate Scholar",""
"Patterson Clement","Junior Research Fellow (JRF)","2015–2017","Researcher",""
"Aswin Srivatsav","Summer Intern (MS University)","2016","Graduate Student",""
"Titir Roy","Summer Intern (MS University)","2016","Graduate Student",""
"Salil Javeed VP","Summer Intern (NISER)","2016, 2017","Doctoral Researcher",""
"Shweta Vasaya","Summer Intern","2017","Graduate Student",""
"Vanshika Malviya","Summer Intern","2017","Graduate Student",""
"Vijay Vobbilisetty","Summer Intern","2017","Graduate Student",""
"Kaza Amulya Murty","Summer Intern (Delhi College of Engineering)","2015","Research Engineer",""
"Sri Harsha Dantuluri","Summer Intern (IISER Mohali)","2015","Researcher",""
"Bhavika Mam","Rotation Student (GS-2014)","2014–2015","PhD Scholar",""
